Workbook

Sheet Education-Ward Level_Final
A1: 1. Ward Number | B1: Ward Name | C1: 2. How many Anganwadis are there in the ward? | D1: 3. What is the total number of children enrolled in Anganwadis? | E1: 4. No. of boys in Anganwadi | F1: 5. No. of girls in Anganwadi | G1: 6. How many Anganwadis have their own building? | H1: 7. Are there any Vocational higher secondary schools (VHS) in the ward? | I1: 8. How many tuition/coaching centres are present in the ward? | J1: 9. How many study abroad centres are present in the ward? | K1: 10. How many higher education institutions are present in the ward? | L1: 11. Are there any special schools in the ward?
A2: 1 | B2: =_xlfn.XLOOKUP( A2, Ward_Lookup!A:A, Ward_Lookup!B:B, "Ward not found" ) -> Fort Kochi | C2: 5 | D2: 50 | E2: 30 | F2: 20 | G2: 1 | H2: No | I2: 8 | J2: 0 | K2: 1 | L2: Yes
A3: 9 | B3: =_xlfn.XLOOKUP( A3, Ward_Lookup!A:A, Ward_Lookup!B:B, "Ward not found" ) -> Chakkamadam | C3: 8 | D3: 96 | E3: 57 | F3: 39 | G3: 0 | H3: Yes | I3: 3 | J3: 2 | K3: 0 | L3: No
A4: 10 | B4: =_xlfn.XLOOKUP( A4, Ward_Lookup!A:A, Ward_Lookup!B:B, "Ward not found" ) -> Karuvelippady | C4: 6 | D4: 66 | E4: 28 | F4: 38 | G4: 4 | H4: No | I4: 5 | J4: 0 | K4: 0 | L4: No
A5: 12 | B5: =_xlfn.XLOOKUP( A5, Ward_Lookup!A:A, Ward_Lookup!B:B, "Ward not found" ) -> Tharebhagom | C5: 6 | D5: 70 | E5: 41 | F5: 29 | G5: 0 | H5: No | I5: 4 | J5: 0 | K5: 0 | L5: Yes
A6: 13 | B6: =_xlfn.XLOOKUP( A6, Ward_Lookup!A:A, Ward_Lookup!B:B, "Ward not found" ) -> Kadebhagam | C6: 6 | D6: 56 | E6: 30 | F6: 26 | G6: 2 | H6: No | I6: 4 | J6: 1 | K6: 1 | L6: No
A7: 20 | B7: =_xlfn.XLOOKUP( A7, Ward_Lookup!A:A, Ward_Lookup!B:B, "Ward not found" ) -> Nambyapuram | C7: 4 | D7: 51 | E7: 25 | F7: 26 | G7: 1 | H7: No | I7: 2 | J7: 1 | K7: 0 | L7: No
A8: 22 | B8: =_xlfn.XLOOKUP( A8, Ward_Lookup!A:A, Ward_Lookup!B:B, "Ward not found" ) -> Mundamveli | C8: 8 | D8: 68 | E8: 37 | F8: 31 | G8: 3 | H8: No | I8: 5 | J8: 1 | K8: 0 | L8: No
A9: 26 | B9: =_xlfn.XLOOKUP( A9, Ward_Lookup!A:A, Ward_Lookup!B:B, "Ward not found" ) -> Nazareth | C9: 6 | D9: 47 | E9: 23 | F9: 24 | G9: 6 | H9: No | I9: 1 | J9: 0 | K9: 0 | L9: No
A10: 28 | B10: =_xlfn.XLOOKUP( A10, Ward_Lookup!A:A, Ward_Lookup!B:B, "Ward not found" ) -> Amaravathi | C10: 6 | D10: 52 | E10: 24 | F10: 28 | G10: 6 | H10: No | I10: 3 | J10: 0 | K10: 0 | L10: No
A11: 31 | B11: =_xlfn.XLOOKUP( A11, Ward_Lookup!A:A, Ward_Lookup!B:B, "Ward not found" ) -> Vaduthala West | C11: 3 | D11: 40 | E11: 22 | F11: 18 | G11: 2 | H11: No | I11: 0 | J11: 0 | K11: 0 | L11: No
A12: 33 | B12: =_xlfn.XLOOKUP( A12, Ward_Lookup!A:A, Ward_Lookup!B:B, "Ward not found" ) -> Elamakkara North | C12: 4 | D12: 56 | E12: 29 | F12: 27 | G12: 1 | H12: No | I12: 2 | J12: 0 | K12: 0 | L12: No
A13: 34 | B13: =_xlfn.XLOOKUP( A13, Ward_Lookup!A:A, Ward_Lookup!B:B, "Ward not found" ) -> Puthukalavattom | C13: 4 | D13: 29 | E13: 17 | F13: 12 | G13: 0 | H13: No | I13: 0 | J13: 0 | K13: 0 | L13: No
... A19: 60 | B19: =_xlfn.XLOOKUP( A19, Ward_Lookup!A:A, Ward_Lookup!B:B, "Ward not found" ) -> Perumanoor | C19: 5 | D19: 46 | E19: 25 | F19: 21 | G19: 3 | H19: No | I19: 5 | J19: 0 | K19: 0 | L19: No
A20: 63 | B20: =_xlfn.XLOOKUP( A20, Ward_Lookup!A:A, Ward_Lookup!B:B, "Ward not found" ) -> Gandhi Nagar
A21: 64 | B21: =_xlfn.XLOOKUP( A21, Ward_Lookup!A:A, Ward_Lookup!B:B, "Ward not found" ) -> Kathrikkadavu | C21: 3 | D21: 20 | E21: 12 | F21: 8 | G21: 3 | H21: No | I21: 1 | J21: 2 | K21: 0 | L21: Yes
A22: 73 | B22: =_xlfn.XLOOKUP( A22, Ward_Lookup!A:A, Ward_Lookup!B:B, "Ward not found" ) -> Pachalam | C22: 1 | D22: 11 | E22: 5 | F22: 6 | G22: 1 | H22: No | I22: 0 | J22: 0 | K22: 0 | L22: No
A23: 74 | B23: =_xlfn.XLOOKUP( A23, Ward_Lookup!A:A, Ward_Lookup!B:B, "Ward not found" ) -> Thattazham | C23: 5 | D23: 36 | E23: 17 | F23: 19 | G23: 1 | H23: No | I23: 4 | J23: 0 | K23: 3 | L23: No

Sheet Description
A1: QUESTIONS | B1: DESCRIPTION | C1: LIMITATIONS
A2: 1. Ward Number | B2: Identifies the specific ward number of Kochi from which the data has been collected, covering a total of 22 wards. | C2: Considered Pre-2025 delimitation map
A3: 2. Ward Name | B3: Identifies the specific ward name of Kochi from which the data has been collected, covering a total of 22 wards.
A4: 3. How many Anganwadis are there in the ward? | B4: Indicates the total count of functional Anganwadi centres operating within the specified ward. | C4: Data unavailability Ward 37 and Ward 41 aanganwadis had been permanently closed.
A5: 4. What is the total number of children enrolled in Anganwadis? | B5: Represents the aggregate number of children registered across all Anganwadi centres within the specified ward.
A6: 5. No. of boys in Anganwadi | B6: Represents the aggregate number of male children registered across all Anganwadi centres within the specified ward.
A7: 5. No. of girls in Anganwadi | B7: Represents the aggregate number of female children registered across all Anganwadi centres within the specified ward.
A8: 6. How many Anganwadis have their own building? | B8: Indicates the number of Anganwadi centres in the ward that operate from purpose-built or independently owned premises.
A9: 7. Are there any Vocational higher secondary schools (VHS) in the ward? | B9: Indicates whether at least one Vocational Higher Secondary School operates within the specified ward.
A10: 8. How many tuition/coaching centres are present in the ward? | B10: Indicates the total count of private tuition and coaching centres operating within the specified ward. | C10: Existence of non-reported informal institutions
A11: 9. How many study abroad centres are present in the ward? | B11: Indicates the total count of study abroad consultancy and facilitation centres operating within the specified ward. | C11: Purposive and convinience sampling was considered during data collection
A12: 10. How many higher education institutions are present in the ward? | B12: Indicates the total count of colleges, universities, and other post-secondary educational institutions operating within the specified ward.
A13: 11. Are there any special schools in the ward? | B13: Indicates whether at least one special school catering to children with disabilities or special educational needs operates within the specified ward.
A15: Note*
A16: Ward 63 data is unavailable.

Sheet Ward_Lookup
A1: Ward Number | B1: Ward Name
A2: 1 | B2: Fort Kochi
A3: 9 | B3: Chakkamadam
A4: 10 | B4: Karuvelippady
A5: 12 | B5: Tharebhagom
A6: 13 | B6: Kadebhagam
A7: 20 | B7: Nambyapuram
A8: 22 | B8: Mundamveli
A9: 26 | B9: Nazareth
A10: 28 | B10: Amaravathi
A11: 31 | B11: Vaduthala West
A12: 33 | B12: Elamakkara North
A13: 34 | B13: Puthukalavattom
... A26: 74 | B26: Thattazham
